train_acc,train_loss,val_acc,val_loss,curr_epoch
0.29600000000000004,1.9048094,0.40080000000000005,1.6650096,0
0.4042736842105264,1.6332825,0.45280000000000004,1.5659953,1
