train_acc,train_loss,train_loss_x,train_loss_u,val_acc,val_loss,curr_epoch
0.109375,2.3532656037807467,1.7993688258528708,0.007464842358604074,0.10403481012658228,2.5205587103397034,0
0.20833333333333334,1.705197732746601,1.0732254478335381,0.008473109760088846,0.20174050632911392,2.0309393405914307,1
