train_acc,train_loss,train_loss_x,train_loss_u,val_acc,val_loss,curr_epoch
0.109375,2.865649868249893,2.3249626857042314,0.007246167904813774,0.09889240506329114,3.43405756769301,0
