train_acc,train_loss,train_loss_x,train_loss_u,val_acc,val_loss,curr_epoch
0.08333333333333333,2.995612906217575,2.463484691977501,0.007147437548264861,0.1081882911392405,2.712145343611512,0
